{
    "IIT Bombay - Indian Institute of Technology - [IITB], Mumbai": "/university/25703-iit-bombay-indian-institute-of-technology-iitb-mumbai",
    "IIT Delhi - Indian Institute of Technology [IITD], New Delhi": "/university/25455-iit-delhi-indian-institute-of-technology-iitd-new-delhi",
    "IIT Kanpur - Indian Institute of Technology - [IITK], Kanpur": "/university/25948-iit-kanpur-indian-institute-of-technology-iitk-kanpur",
    "IIT Kharagpur - Indian Institute of Technology - [IITKGP], Kharagpur": "/university/26007-iit-kharagpur-indian-institute-of-technology-iitkgp-kharagpur",
    "IIT Roorkee - Indian Institute of Technology - [IITR], Roorkee": "/university/25992-iit-roorkee-indian-institute-of-technology-iitr-roorkee",
    "IIT Guwahati - Indian Institute of Technology - [IITG], Guwahati": "/university/25396-iit-guwahati-indian-institute-of-technology-iitg-guwahati",
    "BITS Pilani, Pilani": "/university/25800-bits-pilani-pilani",
    "NIT Trichy, Tiruchirappalli": "/university/25889-nit-trichy-tiruchirappalli",
    "National Institute of Technology - [NITK], Surathkal": "/university/25620-national-institute-of-technology-nitk-surathkal",
    "NIT Warangal, Warangal": "/university/25367-nit-warangal-warangal",
    "International Institute of Information Technology - [IIIT], Hyderabad": "/university/25357-international-institute-of-information-technology-iiit-hyderabad",
    "IIT Mandi- Indian Institute of Technology - [IITM], Mandi": "/university/25559-iit-mandi-indian-institute-of-technology-iitm-mandi",
    "IIT Patna - Indian Institute of Technology - [IITP], Patna": "/university/25409-iit-patna-indian-institute-of-technology-iitp-patna",
    "IIT Gandhinagar - Indian Institute of Technology - [IITG], Gandhinagar": "/university/25495-iit-gandhinagar-indian-institute-of-technology-iitg-gandhinagar",
    "MNNIT Allahabad - Motilal Nehru National Institute of Technology - [MNNIT], Allahabad": "/university/25961-mnnit-allahabad-motilal-nehru-national-institute-of-technology-mnnit-allahabad",
    "Netaji Subhas University of Technology - [NSUT], New Delhi": "/university/14479-netaji-subhas-university-of-technology-nsut-new-delhi",
    "Indian Institute of Information Technology - [IIIT], Allahabad": "/university/25945-indian-institute-of-information-technology-iiit-allahabad",
    "National Institute of Technology - [NIT], Rourkela": "/university/24260-national-institute-of-technology-nit-rourkela",
    "IIT Bhubaneswar - Indian Institute of Technology - [IITBBS], Bhubaneswar": "/university/25759-iit-bhubaneswar-indian-institute-of-technology-iitbbs-bhubaneswar",
    "Delhi Technological University - [DTU], New Delhi": "/university/25449-delhi-technological-university-dtu-new-delhi",
    "Indraprastha Institute of Information Technology - [IIITD], New Delhi": "/university/25457-indraprastha-institute-of-information-technology-iiitd-new-delhi",
    "Visvesvaraya National Institute of Technology - [VNIT], Nagpur": "/university/25733-visvesvaraya-national-institute-of-technology-vnit-nagpur",
    "IIT Ropar - Indian Institute of Technology - [IITR], Ropar": "/university/25786-iit-ropar-indian-institute-of-technology-iitr-ropar",
    "National Institute of Technology - [NIT], New Delhi": "/university/25464-national-institute-of-technology-nit-new-delhi",
    "Malaviya National Institute of Technology - [MNIT], Jaipur": "/university/25828-malaviya-national-institute-of-technology-mnit-jaipur",
    "Vellore Institute of Technology - [VIT University], Vellore": "/university/25914-vellore-institute-of-technology-vit-university-vellore",
    "Dr BR Ambedkar National Institute of Technology - [NIT], Jalandhar": "/university/25781-dr-br-ambedkar-national-institute-of-technology-nit-jalandhar",
    "National Institute of Technology - [NIT] Uttarakhand, Srinagar Garhwal": "/university/28197-national-institute-of-technology-nit-uttarakhand-srinagar-garhwal",
    "National Institute of Technology - [NIT], Pondicherry": "/university/28218-national-institute-of-technology-nit-pondicherry",
    "Thapar Institute of Engineering and Technology - [Thapar University], Patiala": "/university/25795-thapar-institute-of-engineering-and-technology-thapar-university-patiala",
    "National Institute of Technology - [NIT], Srinagar": "/university/25571-national-institute-of-technology-nit-srinagar",
    "Birla Institute of Technology - [BIT Mesra], Ranchi": "/university/13088-birla-institute-of-technology-bit-mesra-ranchi",
    "National Institute of Technology - [NIT], Agartala": "/university/25916-national-institute-of-technology-nit-agartala",
    "NIT Silchar, Silchar": "/university/25399-nit-silchar-silchar",
    "National Institute of Technology - [NIT], Hamirpur": "/university/25564-national-institute-of-technology-nit-hamirpur",
    "Indian Institute of Information Technology - [IIIT], Bhagalpur": "/university/59202-indian-institute-of-information-technology-iiit-bhagalpur",
    "R V College of Engineering - [RVCE], Bangalore": "/college/14673-r-v-college-of-engineering-rvce-bangalore",
    "The LNM Institute of Information Technology - [LNMIIT], Jaipur": "/university/25850-the-lnm-institute-of-information-technology-lnmiit-jaipur",
    "College of Engineering - [COEP], Pune": "/college/28215-college-of-engineering-coep-pune",
    "BMS College of Engineering - [BMSCE], Bangalore": "/college/5540-bms-college-of-engineering-bmsce-bangalore",
    "Jawaharlal Nehru University - [JNU], New Delhi": "/university/25461-jawaharlal-nehru-university-jnu-new-delhi",
    "Maulana Abul Kalam Azad University of Technology - [MAKAUT], Nadia": "/university/26028-maulana-abul-kalam-azad-university-of-technology-makaut-nadia",
    "Zakir Hussain College of Engineering and Technology - [ZHCET], Aligarh": "/college/5696-zakir-hussain-college-of-engineering-and-technology-zhcet-aligarh",
    "Jaypee Institute of Information Technology University - [JIIT], Noida": "/university/25953-jaypee-institute-of-information-technology-university-jiit-noida",
    "Amity School of Engineering & Technology - [ASET], Noida": "/college/12803-amity-school-of-engineering-and-technology-aset-noida",
    "National Institute of Technology - [NIT] Meghalaya, Shillong": "/university/25743-national-institute-of-technology-nit-meghalaya-shillong",
    "Indian Institute of Information Technology Design and Manufacturing - [IIITDM], Kurnool": "/university/55791-indian-institute-of-information-technology-design-and-manufacturing-iiitdm-kurnool",
    "SRM University, Amaravathi": "/university/58597-srm-university-amaravathi",
    "Indira Gandhi Delhi Technical University For Women -[IGDTUW], New Delhi": "/university/13801-indira-gandhi-delhi-technical-university-for-women-igdtuw-new-delhi",
    "Cochin University of Science and Technology, School of Engineering -[SOE] Thrikkakara, Ernakulam": "/college/55339-cochin-university-of-science-and-technology-school-of-engineering-soe-thrikkakara-ernakulam",
    "St Joseph's College of Engineering and Technology, Thanjavur": "/college/28495-st-josephs-college-of-engineering-and-technology-thanjavur",
    "P.S.G College of Technology - [PSGCT], Coimbatore": "/college/24312-psg-college-of-technology-psgct-coimbatore",
    "Roorkee Institute of Technology - [RIT], Roorkee": "/college/14789-roorkee-institute-of-technology-rit-roorkee",
    "Institute of Technology, Nirma University, Ahmedabad": "/college/24100-institute-of-technology-nirma-university-ahmedabad",
    "Manipal Institute of Technology - [MIT], Manipal": "/college/14265-manipal-institute-of-technology-mit-manipal",
    "Madan Mohan Malaviya University of Technology - [MMMUT], Gorakhpur": "/university/14171-madan-mohan-malaviya-university-of-technology-mmmut-gorakhpur",
    "Uttaranchal Institute of Technology - [UIT], Dehradun": "/college/19094-uttaranchal-institute-of-technology-uit-dehradun",
    "Ramaiah Institute of Technology - [RIT], Bangalore": "/college/5621-ramaiah-institute-of-technology-rit-bangalore",
    "Dwarkadas J Sanghvi College of Engineering - [DJSCE], Mumbai": "/college/13419-dwarkadas-j-sanghvi-college-of-engineering-djsce-mumbai",
    "K L University - [KLU], Guntur": "/university/25362-k-l-university-klu-guntur",
    "University Institute of Engineering, Chandigarh University - [UIE], Mohali": "/college/57085-university-institute-of-engineering-chandigarh-university-uie-mohali",
    "Chitkara Institute of Engineering and Technology - [CIET], Patiala": "/college/13222-chitkara-institute-of-engineering-and-technology-ciet-patiala",
    "University College of Engineering, Osmania University - [UCE], Hyderabad": "/college/24550-university-college-of-engineering-osmania-university-uce-hyderabad",
    "Goa University, North Goa": "/university/25474-goa-university-north-goa",
    "North Eastern Regional Institute of Science and Technology - [NERIST], Itanagar": "/university/25388-north-eastern-regional-institute-of-science-and-technology-nerist-itanagar",
    "Manipal University, Faculty of Engineering - [FOE], Jaipur": "/college/57238-manipal-university-faculty-of-engineering-foe-jaipur",
    "Galgotias University - [GU], Greater Noida": "/university/25940-galgotias-university-gu-greater-noida",
    "Mukesh Patel School of Technology Management and Engineering - [MPSTME], Mumbai": "/college/14374-mukesh-patel-school-of-technology-management-and-engineering-mpstme-mumbai",
    "Christ University, Faculty of Engineering, Bangalore": "/college/56914-christ-university-faculty-of-engineering-bangalore",
    "Maharaja Agrasen Institute of Technology - [MAIT], New Delhi": "/college/14191-maharaja-agrasen-institute-of-technology-mait-new-delhi",
    "Maharaja Surajmal Institute of Technology - [MSIT], New Delhi": "/college/14199-maharaja-surajmal-institute-of-technology-msit-new-delhi",
    "Maharishi Markandeshwar - [MMU], Ambala": "/university/25534-maharishi-markandeshwar-mmu-ambala",
    "Vallurupalli Nageswara Rao Vignana Jyothi Institute of Engineering and Technology - [VNR VJIET], Hyderabad": "/college/45855-vallurupalli-nageswara-rao-vignana-jyothi-institute-of-engineering-and-technology-vnr-vjiet-hyderabad",
    "University Institute of Engineering and Technology - [UIET], Kurukshetra": "/college/24553-university-institute-of-engineering-and-technology-uiet-kurukshetra",
    "Vishwakarma Institute of Technology, Pune": "/college/24615-vishwakarma-institute-of-technology-pune",
    "JSS Science and Technology University -[JSSSTU], Mysore": "/university/60372-jss-science-and-technology-university-jssstu-mysore",
    "C. V. Raman Global University, Bhubaneswar": "/university/13147-c-v-raman-global-university-bhubaneswar",
    "Army Institute of Technology - [AIT], Pune": "/college/12868-army-institute-of-technology-ait-pune",
    "Dayananda Sagar College of Engineering - [DSCE], Bangalore": "/college/28562-dayananda-sagar-college-of-engineering-dsce-bangalore",
    "K. J. Somaiya School of Engineering - [KJSCE], Mumbai": "/college/13916-k-j-somaiya-school-of-engineering-kjsce-mumbai",
    "Banasthali Vidyapith, Jaipur": "/university/25798-banasthali-vidyapith-jaipur",
    "MKSSS's Cummins College of Engineering for Women, Pune": "/college/13284-mkssss-cummins-college-of-engineering-for-women-pune",
    "Faculty of Engineering and Technology, Jain University - [FET JU], Bangalore": "/college/14976-faculty-of-engineering-and-technology-jain-university-fet-ju-bangalore",
    "North-Eastern Hill University - [NEHU], Shillong": "/university/25744-northeastern-hill-university-nehu-shillong",
    "Institute of Engineering and Management - [IEM], Kolkata": "/college/13834-institute-of-engineering-and-management-iem-kolkata",
    "Manav Rachna University, Faculty of Engineering, Faridabad": "/college/59663-manav-rachna-university-faculty-of-engineering-faridabad",
    "Symbiosis Institute of Technology - [SIT], Pune": "/college/15409-symbiosis-institute-of-technology-sit-pune",
    "Guru Nanak Dev University - [GNDU], Amritsar": "/university/25784-guru-nanak-dev-university-gndu-amritsar",
    "Central University of Haryana - [CUH], Mahendragarh": "/university/25521-central-university-of-haryana-cuh-mahendragarh",
    "MIT World Peace University of Engineering, Pune": "/college/14137-mit-world-peace-university-of-engineering-pune",
    "Heritage Institute of Technology - [HIT], Kolkata": "/college/13708-heritage-institute-of-technology-hit-kolkata",
    "Arka Jain University, Jamshedpur": "/university/15904-arka-jain-university-jamshedpur",
    "L.D. College of Engineering - [LDCE], Ahmedabad": "/college/14064-ld-college-of-engineering-ldce-ahmedabad",
    "Pimpri Chinchwad College of Engineering - [PCCOE], Pune": "/college/14564-pimpri-chinchwad-college-of-engineering-pccoe-pune",
    "Shri Vishnu Engineering College for Women - [SVECW], Bhimavaram": "/college/15116-shri-vishnu-engineering-college-for-women-svecw-bhimavaram",
    "Amity University, Jaipur": "/university/25797-amity-university-jaipur",
    "CGC University, Mohali": "/university/57350-cgc-university-mohali",
    "Sikkim Manipal Institute of Technology - [SMIT], East Sikkim": "/college/15134-sikkim-manipal-institute-of-technology-smit-east-sikkim",
    "Vishnu Institute of Technology - [VIT], Bhimavaram": "/college/19203-vishnu-institute-of-technology-vit-bhimavaram",
    "The National Institute of Engineering - [NIE], Mysore": "/college/15466-the-national-institute-of-engineering-nie-mysore",
    "University of Engineering and Management - [UEM], Kolkata": "/college/57446-university-of-engineering-and-management-uem-kolkata",
    "Vishwakarma Institute of Information Technology - [VIIT], Pune": "/college/28914-vishwakarma-institute-of-information-technology-viit-pune",
    "RVR and JC College of Engineering, Guntur": "/college/14677-rvr-and-jc-college-of-engineering-guntur",
    "Sharda University, School of Engineering and Technology - [SET], Greater Noida": "/college/57152-sharda-university-school-of-engineering-and-technology-set-greater-noida",
    "Vivekanand Education Society Institute of Technology - [VESIT], Mumbai": "/college/15528-vivekanand-education-society-institute-of-technology-vesit-mumbai",
    "Ajay Kumar Garg Engineering College - [AKGEC], Ghaziabad": "/college/12753-ajay-kumar-garg-engineering-college-akgec-ghaziabad",
    "Siddaganga Institute of Technology - [SIT], Tumkur": "/college/15126-siddaganga-institute-of-technology-sit-tumkur",
    "KJ Somaiya Institute of Engineering and Information Technology - [KJSIEIT], Mumbai": "/college/13917-kj-somaiya-institute-of-engineering-and-information-technology-kjsieit-mumbai",
    "Techno Main Salt Lake, Kolkata": "/college/58121-techno-main-salt-lake-kolkata",
    "Bharati Vidyapeeth University College of Engineering - [BVUCOE], Pune": "/college/13057-bharati-vidyapeeth-university-college-of-engineering-bvucoe-pune",
    "Nitte Meenakshi Institute of Technology - [NMIT] (Deemed to be University), Bangalore": "/college/14500-nitte-meenakshi-institute-of-technology-nmit-deemed-to-be-university-bangalore",
    "Vel Tech Rangarajan Dr. Sagunthala R and D Institute of Science and Technology - [Vel Tech], Chennai": "/university/54852-vel-tech-rangarajan-dr-sagunthala-r-and-d-institute-of-science-and-technology-vel-tech-chennai",
    "B. N. M. Institute of Technology - [BNMIT], Bangalore": "/college/12946-b-n-m-institute-of-technology-bnmit-bangalore",
    "Sir M Visvesvaraya Institute of Technology - [Sir MVIT], Bangalore": "/college/15151-sir-m-visvesvaraya-institute-of-technology-sir-mvit-bangalore",
    "KLS Gogte Institute of Technology - [KLS GIT], Belgaum": "/college/28571-kls-gogte-institute-of-technology-kls-git-belgaum",
    "Ramdeobaba University - [RBU], Nagpur": "/college/15096-ramdeobaba-university-rbu-nagpur",
    "D. Y. Patil College of Engineering, Pune": "/college/13376-d-y-patil-college-of-engineering-pune",
    "SDM College of Engineering and Technology - [SDMCET], Dharwad": "/college/14820-sdm-college-of-engineering-and-technology-sdmcet-dharwad",
    "Sathyabama Institute of Science and Technology, Chennai": "/university/25897-sathyabama-institute-of-science-and-technology-chennai",
    "KIET Group of Institutions - [KIET], Ghaziabad": "/college/14038-kiet-group-of-institutions-kiet-ghaziabad",
    "Vidyavardhaka College of Engineering - [VVCE], Mysore": "/college/19173-vidyavardhaka-college-of-engineering-vvce-mysore",
    "CMR Institute of Technology - [CMRIT], Bangalore": "/college/13134-cmr-institute-of-technology-cmrit-bangalore",
    "International Institute of Information Technology - [I\u00b2IT], Pune": "/college/28422-international-institute-of-information-technology-iit-pune",
    "REVA University, Bangalore": "/university/54859-reva-university-bangalore",
    "G L Bajaj Institute of Technology and Management, Greater Noida": "/college/13536-g-l-bajaj-institute-of-technology-and-management-greater-noida",
    "Government College of Engineering - [GCEK], Satara": "/college/13585-government-college-of-engineering-gcek-satara",
    "Institute of Engineering & Technology - GLA University, Mathura": "/college/13505-institute-of-engineering-and-technology-gla-university-mathura",
    "Pimpri Chinchwad College of Engineering and Research - [PCCOER] Ravet, Pune": "/college/58794-pimpri-chinchwad-college-of-engineering-and-research-pccoer-ravet-pune",
    "University of Lucknow - [LU], Lucknow": "/university/25978-university-of-lucknow-lu-lucknow",
    "JSPM'S Rajarshi Shahu College of Engineering - [RSCOE] Tathawade, Pune": "/college/14714-jspms-rajarshi-shahu-college-of-engineering-rscoe-tathawade-pune",
    "Dayananda Sagar Academy of Technology and Management - [DSATM], Bangalore": "/college/13315-dayananda-sagar-academy-of-technology-and-management-dsatm-bangalore",
    "PES College of Engineering - [PESCE], Mandya": "/college/14554-pes-college-of-engineering-pesce-mandya",
    "Sanskriti University - [SU], Mathura": "/university/57227-sanskriti-university-su-mathura",
    "MIT Academy of Engineering - [MITAOE], Pune": "/college/28795-mit-academy-of-engineering-mitaoe-pune",
    "MVJ College of Engineering - [MVJCE], Bangalore": "/college/14164-mvj-college-of-engineering-mvjce-bangalore",
    "AISSMS College of Engineering - [AISSMSCOE], Pune": "/college/12779-aissms-college-of-engineering-aissmscoe-pune",
    "Sri Manakula Vinayagar Engineering College - [SVMEC], Pondicherry": "/college/56782-sri-manakula-vinayagar-engineering-college-svmec-pondicherry",
    "Cambridge Institute of Technology - [CiTech], Bangalore": "/college/56039-cambridge-institute-of-technology-citech-bangalore",
    "Fr. Conceicao Rodrigues College of Engineering - [CRCE], Mumbai": "/college/13471-fr-conceicao-rodrigues-college-of-engineering-crce-mumbai",
    "Basaveshwar Engineering College - [BEC], Bagalkot": "/college/13006-basaveshwar-engineering-college-bec-bagalkot",
    "Rajkiya Engineering College - [RECK], Kannauj": "/college/59600-rajkiya-engineering-college-reck-kannauj",
    "Bhilai Institute of Technology - [BIT], Durg": "/college/13071-bhilai-institute-of-technology-bit-durg",
    "Jawaharlal Nehru National College of Engineering - [JNNCE], Shimoga": "/college/13863-jawaharlal-nehru-national-college-of-engineering-jnnce-shimoga",
    "Galgotias College of Engineering and Technology - [GCET], Greater Noida": "/college/13522-galgotias-college-of-engineering-and-technology-gcet-greater-noida",
    "AISSMS Institute of Information Technology, Pune": "/college/12780-aissms-institute-of-information-technology-pune",
    "Manakula Vinayagar Institute of Technology - [MVIT], Pondicherry": "/college/14251-manakula-vinayagar-institute-of-technology-mvit-pondicherry",
    "Shri Guru Gobind Singhji Institute of Engineering and Technology - [SGGSIE&T], Nanded": "/college/15080-shri-guru-gobind-singhji-institute-of-engineering-and-technology-sggsieandt-nanded",
    "Fr. C. Rodrigues Institute of Technology - [FCRIT], Navi Mumbai": "/college/13473-fr-c-rodrigues-institute-of-technology-fcrit-navi-mumbai",
    "The Oxford College of Engineering, Bangalore": "/college/15468-the-oxford-college-of-engineering-bangalore",
    "Vignan's Foundation for Science, Technology, and Research, Guntur": "/university/25384-vignans-foundation-for-science-technology-and-research-guntur",
    "GM University, Davanagere": "/university/13507-gm-university-davanagere",
    "K.K. Wagh Institute of Engineering Education & Research - [KKWIEER], Nashik": "/college/57504-kk-wagh-institute-of-engineering-education-and-research-kkwieer-nashik",
    "Presidency University, School of Engineering, Bangalore": "/college/57206-presidency-university-school-of-engineering-bangalore",
    "Integral University, Lucknow": "/university/25950-integral-university-lucknow",
    "Amity University, Lucknow": "/university/25920-amity-university-lucknow",
    "Bharati Vidyapeeth's College of Engineering - [BVCOE], New Delhi": "/college/13059-bharati-vidyapeeths-college-of-engineering-bvcoe-new-delhi",
    "Deen Dayal Upadhyaya Gorakhpur University - [DDU], Gorakhpur": "/university/25933-deen-dayal-upadhyaya-gorakhpur-university-ddu-gorakhpur",
    "Erode Sengunthar Engineering College, Perundurai": "/college/13450-erode-sengunthar-engineering-college-perundurai",
    "Netaji Subhash Engineering College - [NSEC], Kolkata": "/college/14481-netaji-subhash-engineering-college-nsec-kolkata",
    "Nehru Institute of Technology - [NIT], Coimbatore": "/college/28458-nehru-institute-of-technology-nit-coimbatore",
    "Thiagarajar College of Engineering - [TCE], Madurai": "/college/15475-thiagarajar-college-of-engineering-tce-madurai",
    "Rajalakshmi Engineering College - [REC], Chennai": "/college/55671-rajalakshmi-engineering-college-rec-chennai",
    "Narula Institute of Technology - [NIT Agarpara], Kolkata": "/college/14438-narula-institute-of-technology-nit-agarpara-kolkata",
    "K Ramakrishnan College of Technology - [KRCT], Tiruchirappalli": "/college/13896-k-ramakrishnan-college-of-technology-krct-tiruchirappalli",
    "Vel Tech Multi Tech Dr. Rangarajan Dr. Sakunthala Engineering College, Chennai": "/college/28304-vel-tech-multi-tech-dr-rangarajan-dr-sakunthala-engineering-college-chennai",
    "Sri Krishna College of Engineering and Technology - [SKCET], Coimbatore": "/college/15222-sri-krishna-college-of-engineering-and-technology-skcet-coimbatore",
    "BV Raju Institute of Technology - [BVRIT], Hyderabad": "/college/24327-bv-raju-institute-of-technology-bvrit-hyderabad",
    "Maturi Venkata Subba Rao Engineering College - [MVSREC], Hyderabad": "/college/28772-maturi-venkata-subba-rao-engineering-college-mvsrec-hyderabad",
    "Government Engineering College, Bastar": "/college/13599-government-engineering-college-bastar",
    "BVRIT Hyderabad College of Engineering for Women - [BVRITH], Hyderabad": "/college/28481-bvrit-hyderabad-college-of-engineering-for-women-bvrith-hyderabad",
    "Rungta College of Engineering and Technology - [RCET], Bhilai": "/college/14800-rungta-college-of-engineering-and-technology-rcet-bhilai",
    "University of Engineering and Management - [UEM], Jaipur": "/college/25851-university-of-engineering-and-management-uem-jaipur",
    "Anurag University, Hyderabad": "/university/13149-anurag-university-hyderabad",
    "Chaitanya Bharathi Institute of Technology - [CBIT], Hyderabad": "/college/13190-chaitanya-bharathi-institute-of-technology-cbit-hyderabad",
    "Lakshmi Narain College of Technology - [LNCT], Bhopal": "/college/28668-lakshmi-narain-college-of-technology-lnct-bhopal",
    "Amity University, Raipur": "/university/55898-amity-university-raipur",
    "Shri Shankaracharya Group of Institutions - [SSGI], Bhilai": "/college/15106-shri-shankaracharya-group-of-institutions-ssgi-bhilai",
    "Assam down town University - [ADTU], Guwahati": "/university/25391-assam-down-town-university-adtu-guwahati",
    "Kakatiya Institute of Technology & Science - [KITSW], Warangal": "/college/13955-kakatiya-institute-of-technology-and-science-kitsw-warangal",
    "ICFAI University, West Tripura": "/university/25915-icfai-university-west-tripura",
    "Geethanjali College of Engineering and Technology - [GCET] Keesara, Hyderabad": "/college/13548-geethanjali-college-of-engineering-and-technology-gcet-keesara-hyderabad",
    "Tula's Institute, Dehradun": "/college/24536-tulas-institute-dehradun",
    "Shivalik College of Engineering - [SCE], Dehradun": "/college/15038-shivalik-college-of-engineering-sce-dehradun",
    "Matrusri Engineering College, Hyderabad": "/college/28771-matrusri-engineering-college-hyderabad",
    "DAV Institute of Engineering and Technology - [DAVIET], Jalandhar": "/college/13288-dav-institute-of-engineering-and-technology-daviet-jalandhar",
    "Assam Don Bosco University - [ADBU], Guwahati": "/university/25394-assam-don-bosco-university-adbu-guwahati",
    "Chandigarh Engineering College - [CEC] Landran, Mohali": "/college/13197-chandigarh-engineering-college-cec-landran-mohali",
    "GMR Institute of Technology - [GMRIT], Rajam": "/college/28671-gmr-institute-of-technology-gmrit-rajam",
    "Majhighariani Institute of Technology and Science - [MITS], Rayagada": "/college/14233-majhighariani-institute-of-technology-and-science-mits-rayagada",
    "Vivekananda Institute of Professional Studies - [VIPS], New Delhi": "/college/9185-vivekananda-institute-of-professional-studies-vips-new-delhi",
    "DBS Global University, Dehradun": "/university/17527-dbs-global-university-dehradun",
    "Amity University, Ranchi": "/university/56503-amity-university-ranchi",
    "UPES, School of Engineering, Dehradun": "/college/57290-upes-school-of-engineering-dehradun",
    "G H Patel College of Engineering & Technology - [GCET], Vallabh Vidyanagar": "/college/13490-g-h-patel-college-of-engineering-and-technology-gcet-vallabh-vidyanagar",
    "Geetanjali Institute of Technical Studies - [GITS], Udaipur": "/college/13547-geetanjali-institute-of-technical-studies-gits-udaipur",
    "Mewar University - [MU], Chittorgarh": "/university/25830-mewar-university-mu-chittorgarh",
    "DIT University - [DIT], Dehradun": "/university/13321-dit-university-dit-dehradun",
    "Guru Nanak Dev Engineering College - [GNDEC], Ludhiana": "/college/13655-guru-nanak-dev-engineering-college-gndec-ludhiana",
    "Narsimha Reddy Engineering College - [NRCM], Secunderabad": "/college/57604-narsimha-reddy-engineering-college-nrcm-secunderabad",
    "MLR Institute of Technology - MLID, Hyderabad": "/college/58194-mlr-institute-of-technology-mlid-hyderabad",
    "Sri Venkateswara College of Engineering - [SVCE], Tirupati": "/college/15284-sri-venkateswara-college-of-engineering-svce-tirupati",
    "Sreenidhi Institute of Science and Technology - [SNIST], Hyderabad": "/college/16918-sreenidhi-institute-of-science-and-technology-snist-hyderabad",
    "Lakireddy Bali Reddy College of Engineering - [LBRCE], Krishna": "/college/14074-lakireddy-bali-reddy-college-of-engineering-lbrce-krishna",
    "Mahatma Gandhi Institute of Technology - [MGIT], Hyderabad": "/college/14215-mahatma-gandhi-institute-of-technology-mgit-hyderabad",
    "Siddhartha Academy of Higher Education: SAHE University, Vijayawada": "/college/28297-siddhartha-academy-of-higher-education-sahe-university-vijayawada",
    "CMR Institute of Technology - [CMRIT], Hyderabad": "/college/23900-cmr-institute-of-technology-cmrit-hyderabad",
    "J.B. Institute of Engineering & Technology - [JBIET], Hyderabad": "/college/28292-jb-institute-of-engineering-and-technology-jbiet-hyderabad",
    "Oriental University - [OU], Indore": "/university/25680-oriental-university-ou-indore",
    "University of Hyderabad - [UOH], Hyderabad": "/university/25383-university-of-hyderabad-uoh-hyderabad",
    "Govt. Model Engineering College - [MEC] Thrikkakara, Kochi": "/college/14344-govt-model-engineering-college-mec-thrikkakara-kochi",
    "JK Lakshmipat University - [JKLU], Jaipur": "/university/25812-jk-lakshmipat-university-jklu-jaipur",
    "TKM College of Engineering - [TKMCE], Kollam": "/college/15419-tkm-college-of-engineering-tkmce-kollam",
    "University of Agricultural Sciences - [UAS], Raichur": "/university/25630-university-of-agricultural-sciences-uas-raichur",
    "Radharaman Institute of Technology & Science - [RITS], Bhopal": "/college/14688-radharaman-institute-of-technology-and-science-rits-bhopal",
    "G. Pulla Reddy Engineering College - [GPREC], Kurnool": "/college/13480-g-pulla-reddy-engineering-college-gprec-kurnool",
    "Guru Nanak Institutions Technical Campus - [GNITC], Hyderabad": "/college/58159-guru-nanak-institutions-technical-campus-gnitc-hyderabad",
    "Institute of Aeronautical Engineering - [IARE], Hyderabad": "/college/7153-institute-of-aeronautical-engineering-iare-hyderabad",
    "Rajeev Gandhi Memorial College of Engineering and Technology Nandyal - [RGMCET], Kurnool": "/college/14723-rajeev-gandhi-memorial-college-of-engineering-and-technology-nandyal-rgmcet-kurnool",
    "St Martin's Engineering College - [SMEC], Hyderabad": "/college/15318-st-martins-engineering-college-smec-hyderabad",
    "Marwadi University - [MU], Rajkot": "/university/28764-marwadi-university-mu-rajkot",
    "Vignan Institute of Technology & Science - [VITS], Hyderabad": "/college/24601-vignan-institute-of-technology-and-science-vits-hyderabad",
    "Andhra Loyola Institute of Engineering - [ALIET], Vijayawada": "/college/12819-andhra-loyola-institute-of-engineering-aliet-vijayawada",
    "Muffakham Jah College of Engineering & Technology - [MJCET], Hyderabad": "/college/14373-muffakham-jah-college-of-engineering-and-technology-mjcet-hyderabad",
    "Malla Reddy Engineering College for Women - [MRECW], Secunderabad": "/college/28750-malla-reddy-engineering-college-for-women-mrecw-secunderabad",
    "Aditya Institute of Technology and Management -[AITAM] Tekkali, Srikakulam": "/college/12734-aditya-institute-of-technology-and-management-aitam-tekkali-srikakulam",
    "Yeshwantrao Chavan College of Engineering - [YCCE], Nagpur": "/college/15508-yeshwantrao-chavan-college-of-engineering-ycce-nagpur",
    "G. Pullaiah College of Engineering and Technology - [GPCET], Kurnool": "/college/13481-g-pullaiah-college-of-engineering-and-technology-gpcet-kurnool",
    "BVC Institute of Technology and Science - [BVCITS], East Godavari": "/college/13103-bvc-institute-of-technology-and-science-bvcits-east-godavari",
    "School of Engineering and Technology, ITM University, Gwalior": "/college/58727-school-of-engineering-and-technology-itm-university-gwalior",
    "Nalla Malla Reddy Engineering College - [NMREC], Hyderabad": "/college/14417-nalla-malla-reddy-engineering-college-nmrec-hyderabad",
    "Amity University, Mumbai": "/university/56517-amity-university-mumbai",
    "CMR College of Engineering & Technology - [CMRCET], Hyderabad": "/college/13133-cmr-college-of-engineering-and-technology-cmrcet-hyderabad",
    "Annamacharya University, Rajampet": "/university/12838-annamacharya-university-rajampet",
    "KG Reddy College of Engineering and Technology - [KGRCET], Hyderabad": "/college/13911-kg-reddy-college-of-engineering-and-technology-kgrcet-hyderabad",
    "Annamacharya Institute of Technology and Sciences, Kadapa": "/college/28391-annamacharya-institute-of-technology-and-sciences-kadapa",
    "Nalla Narasimha Reddy Education Society's Group of Institutions - [NNRG], Hyderabad": "/college/28846-nalla-narasimha-reddy-education-societys-group-of-institutions-nnrg-hyderabad",
    "Guru Nanak Dev Engineering College - [GNDEC ], Bidar": "/college/13656-guru-nanak-dev-engineering-college-gndec-bidar",
    "Methodist College of Engineering & Technology - [MCET], Hyderabad": "/college/14330-methodist-college-of-engineering-and-technology-mcet-hyderabad",
    "Kandula Sreenivasa Reddy Memorial College of Engineering - [KSRMCE], Kadapa": "/college/13976-kandula-sreenivasa-reddy-memorial-college-of-engineering-ksrmce-kadapa",
    "Parul Institute of Technology - [PIT], Vadodara": "/college/59210-parul-institute-of-technology-pit-vadodara",
    "Vidya Pratishthan's Kamalnayan Bajaj Institute of Engineering and Technology - [VPKBIET] Baramati, Pune": "/college/45844-vidya-pratishthans-kamalnayan-bajaj-institute-of-engineering-and-technology-vpkbiet-baramati-pune",
    "Vidya Jyothi Institute of Technology - [VJIT], Hyderabad": "/college/24593-vidya-jyothi-institute-of-technology-vjit-hyderabad",
    "Aditya Engineering College - [AEC], East Godavari": "/university/12733-aditya-engineering-college-aec-east-godavari",
    "ISB&M College of Engineering, Pune": "/college/58913-isbandm-college-of-engineering-pune",
    "Teegala Krishna Reddy Engineering College, Hyderabad": "/college/15444-teegala-krishna-reddy-engineering-college-hyderabad",
    "Sri Sairam College of Engineering, Bangalore": "/college/15120-sri-sairam-college-of-engineering-bangalore",
    "DKTE Society's Textile and Engineering Institute - [DKTE], Kolhapur": "/college/13293-dkte-societys-textile-and-engineering-institute-dkte-kolhapur",
    "University of Mysore - [UOM], Mysore": "/university/25618-university-of-mysore-uom-mysore",
    "Bonam Venkata Chalamayya Engineering College - [BVCEC], East Godavari": "/college/13102-bonam-venkata-chalamayya-engineering-college-bvcec-east-godavari",
    "GH Raisoni College of Engineering - [GHRCE], Nagpur, Nagpur": "/college/13492-gh-raisoni-college-of-engineering-ghrce-nagpur-nagpur",
    "Narasaraopeta Engineering College - [NEC], Narasaraopet": "/college/14426-narasaraopeta-engineering-college-nec-narasaraopet",
    "SAL Institute of Technology and Engineering Research - [SITER], Ahmedabad": "/college/14904-sal-institute-of-technology-and-engineering-research-siter-ahmedabad",
    "GNIOT Group of Institutions - [GNIOT], Greater Noida": "/college/13636-gniot-group-of-institutions-gniot-greater-noida",
    "Malla Reddy College of Engineering for Women - [MRCEW], Hyderabad": "/college/59695-malla-reddy-college-of-engineering-for-women-mrcew-hyderabad",
    "Sanjivani College of Engineering (An Autonomous Institute), Ahmednagar": "/college/14923-sanjivani-college-of-engineering-an-autonomous-institute-ahmednagar",
    "St Peter's Engineering College - [SPEC], Hyderabad": "/college/45592-st-peters-engineering-college-spec-hyderabad",
    "Aditya college of engineering - [ACE], Madanapalle": "/college/54825-aditya-college-of-engineering-ace-madanapalle",
    "Walchand Institute of Technology - [WIT], Solapur": "/college/15514-walchand-institute-of-technology-wit-solapur",
    "Prasad V. Potluri Siddhartha Institute of Technology - [PVPSIT], Vijayawada": "/college/14587-prasad-v-potluri-siddhartha-institute-of-technology-pvpsit-vijayawada",
    "Dr. D. Y. Patil School of Engineering - [DYPSOE], Pune": "/college/58882-dr-d-y-patil-school-of-engineering-dypsoe-pune",
    "Gopalan College of Engineering and Management - [GCEM], Bangalore": "/college/13580-gopalan-college-of-engineering-and-management-gcem-bangalore",
    "Gokaraju Rangaraju Institute of Engineering and Technology - [GRIET], Hyderabad": "/college/13570-gokaraju-rangaraju-institute-of-engineering-and-technology-griet-hyderabad",
    "T John Institute of Technology - [TJIT], Bangalore": "/college/15413-t-john-institute-of-technology-tjit-bangalore",
    "Sambhram Institute of Technology - [SAIT], Bangalore": "/college/14909-sambhram-institute-of-technology-sait-bangalore",
    "DY Patil College of Engineering and Technology - [DYPCET], Kolhapur": "/college/13305-dy-patil-college-of-engineering-and-technology-dypcet-kolhapur",
    "Holy Mary Institute of Technology and Science -[HITS], Hyderabad": "/college/13734-holy-mary-institute-of-technology-and-science-hits-hyderabad",
    "Andhra University, College of Engineering - [AUCE], Visakhapatnam": "/college/28408-andhra-university-college-of-engineering-auce-visakhapatnam",
    "Pranveer Singh Institute of Technology - [PSIT], Kanpur": "/college/14584-pranveer-singh-institute-of-technology-psit-kanpur",
    "Annamacharya Institute of Technology and Sciences - [AITS], Tirupati": "/college/28390-annamacharya-institute-of-technology-and-sciences-aits-tirupati",
    "RC Patel Institute of Technology - [RCPIT], Shirpur": "/college/14640-rc-patel-institute-of-technology-rcpit-shirpur",
    "PA College of Engineering - [PACE], Mangalore": "/college/14543-pa-college-of-engineering-pace-mangalore",
    "Shri Ramswaroop Memorial College of Engineering and Management - [SRMCEM], Lucknow": "/college/18798-shri-ramswaroop-memorial-college-of-engineering-and-management-srmcem-lucknow",
    "Amrutvahini College of Engineering - [AVCOE], Ahmednagar": "/college/12812-amrutvahini-college-of-engineering-avcoe-ahmednagar",
    "Siddhartha Institute of Engineering and Technology - [SIET], Hyderabad": "/college/15129-siddhartha-institute-of-engineering-and-technology-siet-hyderabad",
    "JIMS Engineering Management Technical Campus- [JEMTEC], Greater Noida": "/college/28501-jims-engineering-management-technical-campus-jemtec-greater-noida",
    "Lords Institute of Engineering and Technology -[LIET], Hyderabad": "/college/14107-lords-institute-of-engineering-and-technology-liet-hyderabad",
    "Shah and Anchor Kutchhi Engineering College - [SAKEC], Mumbai": "/college/15003-shah-and-anchor-kutchhi-engineering-college-sakec-mumbai",
    "Avanthi Institute of Engineering and Technology - [AIET], Hyderabad": "/college/12917-avanthi-institute-of-engineering-and-technology-aiet-hyderabad",
    "ITM Vocational University - [ITMVU], Vadodara": "/university/57898-itm-vocational-university-itmvu-vadodara",
    "Garden City University - [GCU], Bangalore": "/university/1348-garden-city-university-gcu-bangalore",
    "IES College of Technology - [ICOT], Bhopal": "/college/13747-ies-college-of-technology-icot-bhopal",
    "CMR Technical Campus - [CMRTC], Hyderabad": "/college/56929-cmr-technical-campus-cmrtc-hyderabad",
    "Sri Padmavati Mahila Visvavidyalayam - [SPMVV], Tirupati": "/university/9100-sri-padmavati-mahila-visvavidyalayam-spmvv-tirupati",
    "UV Patel College of Engineering - [UVPCE], Mehsana": "/college/24540-uv-patel-college-of-engineering-uvpce-mehsana",
    "Ramachandra College of Engineering - [RCE], Eluru": "/college/14746-ramachandra-college-of-engineering-rce-eluru",
    "GS Mandal's Marathwada Institute of Technology - [MIT], Aurangabad": "/college/13512-gs-mandals-marathwada-institute-of-technology-mit-aurangabad",
    "Tatyasaheb Kore Institute of Engineering and Technology - [TKIET], Kolhapur": "/college/15435-tatyasaheb-kore-institute-of-engineering-and-technology-tkiet-kolhapur",
    "Aditya Silver Oak Institute of Technology - [ASOIT], Ahmedabad": "/college/58504-aditya-silver-oak-institute-of-technology-asoit-ahmedabad",
    "Meerut Institute of Engineering and Technology - [MIET], Meerut": "/college/14316-meerut-institute-of-engineering-and-technology-miet-meerut",
    "Sanskrithi School of Engineering - [SSE], Puttaparthy": "/college/58531-sanskrithi-school-of-engineering-sse-puttaparthy",
    "Maharashtra Institute of Technology - [MIT], Aurangabad": "/college/14205-maharashtra-institute-of-technology-mit-aurangabad",
    "Malla Reddy Engineering College - [MREC], Hyderabad": "/college/14241-malla-reddy-engineering-college-mrec-hyderabad",
    "IIMT College of Engineering, Greater Noida": "/college/13770-iimt-college-of-engineering-greater-noida",
    "Shobhit University, Meerut": "/university/25974-shobhit-university-meerut",
    "United College of Engineering & Research - [UCER], Allahabad": "/college/28862-united-college-of-engineering-and-research-ucer-allahabad",
    "Bharati Vidyapeeth College of Engineering For Women, Pune": "/college/13061-bharati-vidyapeeth-college-of-engineering-for-women-pune",
    "SNJB's College of Engineering Chandwad, Nashik": "/college/14840-snjbs-college-of-engineering-chandwad-nashik",
    "Sagar Institute of Science, Technology and Research - [SISTec-R] - Sagar Group of Institutions, Bhopal": "/college/14889-sagar-institute-of-science-technology-and-research-sistecr-sagar-group-of-institutions-bhopal",
    "Kanpur Institute of Technology - [KIT], Kanpur": "/college/13978-kanpur-institute-of-technology-kit-kanpur",
    "CVR College of Engineering, Ibrahimpatnam, Rangareddy": "/college/13148-cvr-college-of-engineering-ibrahimpatnam-rangareddy",
    "Sharad Institute of Technology College of Engineering, Kolhapur": "/college/15021-sharad-institute-of-technology-college-of-engineering-kolhapur",
    "Ravindra College of Engineering for Women -[RCEW], Kurnool": "/college/14759-ravindra-college-of-engineering-for-women-rcew-kurnool",
    "Sagar Institute of Science and Technology - [SISTec] - Sagar Group of Institutions, Bhopal": "/college/14887-sagar-institute-of-science-and-technology-sistec-sagar-group-of-institutions-bhopal",
    "Parul Institute of Engineering and Technology - [PIET], Vadodara": "/college/24349-parul-institute-of-engineering-and-technology-piet-vadodara",
    "Madanapalle Institute of Technology & Science -[MITS], Madanapalle": "/college/14172-madanapalle-institute-of-technology-and-science-mits-madanapalle",
    "SAGE University, Indore": "/university/59351-sage-university-indore",
    "Malla Reddy College of Engineering and Technology- [MRCET], Hyderabad": "/college/14240-malla-reddy-college-of-engineering-and-technology-mrcet-hyderabad",
    "Sagar Institute of Research and Technology - [SIRT], Bhopal": "/college/14886-sagar-institute-of-research-and-technology-sirt-bhopal",
    "Chhatrapati Shivaji Maharaj Institute of Technology - [CSMIT], Panvel": "/college/58788-chhatrapati-shivaji-maharaj-institute-of-technology-csmit-panvel",
    "Medicaps University, Indore": "/university/56455-medicaps-university-indore",
    "Shri Ram Murti Smarak College of Engineering and Technology - [SRMSCET], Bareilly": "/college/15093-shri-ram-murti-smarak-college-of-engineering-and-technology-srmscet-bareilly",
    "S.B. Patil College of Engineering - [SBPCOE] Indapur, Pune": "/college/14810-sb-patil-college-of-engineering-sbpcoe-indapur-pune",
    "Sagar Institute of Research & Technology - [SIRT], Indore": "/college/57784-sagar-institute-of-research-and-technology-sirt-indore",
    "Gyan Ganga Institute of Technology and Sciences - [GGITS], Jabalpur": "/college/28724-gyan-ganga-institute-of-technology-and-sciences-ggits-jabalpur",
    "Kunwar Satya Vira College of Engineering and Management - [KSVCEM], Bijnor": "/college/28643-kunwar-satya-vira-college-of-engineering-and-management-ksvcem-bijnor",
    "Finolex Academy of Management and Technology - [FAMT], Ratnagiri": "/college/13465-finolex-academy-of-management-and-technology-famt-ratnagiri",
    "Shri Ram Institute of Technology - [SRIT], Jabalpur": "/college/15091-shri-ram-institute-of-technology-srit-jabalpur",
    "Mahakal Institute of Technology - [MIT], Ujjain": "/college/14185-mahakal-institute-of-technology-mit-ujjain",
    "Tulsiramji Gaikwad Patil College of Engineering and Technology - [TGPCET], Nagpur": "/college/24538-tulsiramji-gaikwad-patil-college-of-engineering-and-technology-tgpcet-nagpur",
    "Sagar Institute of Research & Technology Excellence -[SIRTE], Bhopal": "/college/59198-sagar-institute-of-research-and-technology-excellence-sirte-bhopal",
    "SSBT's College of Engineering and Technology, Jalgaon": "/college/15044-ssbts-college-of-engineering-and-technology-jalgaon",
    "ITS Engineering College, Greater Noida": "/college/13761-its-engineering-college-greater-noida",
    "IIMT University - [IIMTU], Meerut": "/university/59031-iimt-university-iimtu-meerut",
    "Rajshree Institute of Management and Technology - [RIMT], Bareilly": "/college/14738-rajshree-institute-of-management-and-technology-rimt-bareilly",
    "Srinivasa Ramanujan Institute of Technology - [SRIT], Anantapur": "/college/15302-srinivasa-ramanujan-institute-of-technology-srit-anantapur",
    "Rajendra Mane College of Engineering and Technology - [RMCET], Ratnagiri": "/college/14727-rajendra-mane-college-of-engineering-and-technology-rmcet-ratnagiri",
    "Dr. D. Y. Patil School of Engineering and Technology - [DYPSOET], Pune": "/college/58816-dr-d-y-patil-school-of-engineering-and-technology-dypsoet-pune",
    "AXIS Institute of Technology and Management - [AITM], Kanpur": "/college/12921-axis-institute-of-technology-and-management-aitm-kanpur",
    "JB Institute of Technology - [JBIT], Dehradun": "/college/28468-jb-institute-of-technology-jbit-dehradun",
    "Jaypee University of Information Technology - [JUIT], Solan": "/university/25561-jaypee-university-of-information-technology-juit-solan",
    "Bahra University - [BU], Solan": "/university/25549-bahra-university-bu-solan",
    "Royal School of Engineering and Technology - [RSET], Guwahati": "/college/14796-royal-school-of-engineering-and-technology-rset-guwahati",
    "Trident Academy of Technology, Bhubaneswar": "/college/28850-trident-academy-of-technology-bhubaneswar",
    "ICFAI University, Dehradun": "/university/25990-icfai-university-dehradun",
    "COER University, Roorkee": "/university/23950-coer-university-roorkee",
    "CT University - [CTU], Ludhiana": "/university/59329-ct-university-ctu-ludhiana",
    "Haridwar University, Roorkee": "/university/55109-haridwar-university-roorkee",
    "Central University of Punjab - [CUP], Bathinda": "/university/25776-central-university-of-punjab-cup-bathinda",
    "Chouksey Engineering College - [CEC], Bilaspur": "/college/13223-chouksey-engineering-college-cec-bilaspur",
    "JECRC University, School of Engineering, Jaipur": "/college/56949-jecrc-university-school-of-engineering-jaipur",
    "Amrapali University, Haldwani": "/university/59419-amrapali-university-haldwani",
    "Seth Jai Parkash Mukand Lal Institute of Engineering and Technology - [JMIT], Yamuna Nagar": "/college/14995-seth-jai-parkash-mukand-lal-institute-of-engineering-and-technology-jmit-yamuna-nagar",
    "Khalsa College of Engineering & Technology - [KCET], Amritsar": "/college/14002-khalsa-college-of-engineering-and-technology-kcet-amritsar",
    "SCMS School of Engineering and Technology - [SSET], Ernakulam": "/college/14814-scms-school-of-engineering-and-technology-sset-ernakulam",
    "Guru Nanak Institute of Technology - [GNIT], Kolkata": "/college/45144-guru-nanak-institute-of-technology-gnit-kolkata",
    "Krupajal Engineering College - [KEC], Bhubaneswar": "/college/14047-krupajal-engineering-college-kec-bhubaneswar",
    "MCKV Institute of Engineering - [MCKVIE], Howrah": "/college/14124-mckv-institute-of-engineering-mckvie-howrah",
    "Poornima University - [PU], Jaipur": "/university/25837-poornima-university-pu-jaipur",
    "JIS College of Engineering - [JISCE], Kolkata": "/college/45696-jis-college-of-engineering-jisce-kolkata",
    "Asansol Engineering College - [AEC], Asansol": "/college/12891-asansol-engineering-college-aec-asansol",
    "Techno International New Town - [TINT], Kolkata": "/college/15440-techno-international-new-town-tint-kolkata",
    "Amity School of Engineering & Technology - [ASET], New Delhi": "/college/28381-amity-school-of-engineering-and-technology-aset-new-delhi",
    "Dr. C.V. Raman University - [CVRU], Bilaspur": "/university/25429-dr-cv-raman-university-cvru-bilaspur",
    "Kalinga University, Raipur": "/university/57503-kalinga-university-raipur",
    "Gandhi Institute for Education and Technology - [GIET], Bhubaneswar": "/college/13526-gandhi-institute-for-education-and-technology-giet-bhubaneswar",
    "Punjab college of technical education - PCTE Group of Institutes, Ludhiana": "/college/27965-punjab-college-of-technical-education-pcte-group-of-institutes-ludhiana",
    "Punjab College of Technical Education - [PCTE], Ludhiana": "/college/18470-punjab-college-of-technical-education-pcte-ludhiana",
    "ICFAI University, Jaipur": "/university/25809-icfai-university-jaipur",
    "Dr. C.V. Raman University - [CVRU], Vaishali": "/university/59818-dr-cv-raman-university-cvru-vaishali",
    "S.A. Engineering College, Chennai": "/college/14807-sa-engineering-college-chennai",
    "Christ the King Engineering College, Coimbatore": "/college/13225-christ-the-king-engineering-college-coimbatore",
    "St. Wilfreds Institute of Engineering and Technology, Ajmer": "/college/60460-st-wilfreds-institute-of-engineering-and-technology-ajmer",
    "Dream Institute of Technology, Kolkata": "/college/13412-dream-institute-of-technology-kolkata",
    "Sri Eshwar College of Engineering - [SECE], Coimbatore": "/college/15212-sri-eshwar-college-of-engineering-sece-coimbatore",
    "Nalanda Institute of Technology - [NIT], Bhubaneswar": "/college/14415-nalanda-institute-of-technology-nit-bhubaneswar",
    "College of Engineering Bhubaneswar - [COEB], Bhubaneswar": "/college/13241-college-of-engineering-bhubaneswar-coeb-bhubaneswar",
    "NSHM Knowledge Campus, Durgapur": "/college/59319-nshm-knowledge-campus-durgapur",
    "AWH Engineering College, Calicut": "/college/12693-awh-engineering-college-calicut",
    "Jaipur Engineering College and Research Centre, Jaipur": "/college/57062-jaipur-engineering-college-and-research-centre-jaipur",
    "Dr. Sudhir Chandra Sur Institute of Technology & Sports Complex - [SURTECH], Kolkata": "/college/13406-dr-sudhir-chandra-sur-institute-of-technology-and-sports-complex-surtech-kolkata",
    "St Joseph College of Engineering, Chennai": "/college/28498-st-joseph-college-of-engineering-chennai",
    "Global Institute of Technology and Management - [GITM], Gurgaon": "/college/17693-global-institute-of-technology-and-management-gitm-gurgaon",
    "National Engineering College - [NEC], Thoothukkudi": "/college/14440-national-engineering-college-nec-thoothukkudi",
    "Adamas University, Kolkata": "/university/55140-adamas-university-kolkata",
    "Sri Krishna College of Technology - [SKCT], Coimbatore": "/college/15223-sri-krishna-college-of-technology-skct-coimbatore",
    "Manav Rachna International Institute Of Research And Studies, Faculty of Engineering and Technology - [MRIIRSFET], Faridabad": "/college/28945-manav-rachna-international-institute-of-research-and-studies-faculty-of-engineering-and-technology-mriirsfet-faridabad",
    "Sri Sri University - [SSU], Cuttack": "/university/25768-sri-sri-university-ssu-cuttack",
    "SRM University Delhi NCR, Sonepat": "/university/54838-srm-university-delhi-ncr-sonepat",
    "XIM University, Bhubaneswar": "/university/57960-xim-university-bhubaneswar",
    "RMK Engineering College - [RMKEC], Thiruvallur": "/college/14660-rmk-engineering-college-rmkec-thiruvallur",
    "Lingaya's Vidyapeeth, Faridabad": "/university/28681-lingayas-vidyapeeth-faridabad",
    "Mepco Schlenk Engineering College, Sivakasi": "/college/14325-mepco-schlenk-engineering-college-sivakasi",
    "Sushant University, School Of Engineering and Technology - [SOET], Gurgaon": "/college/57196-sushant-university-school-of-engineering-and-technology-soet-gurgaon",
    "Stani Memorial College of Engineering & Technology - [SMCET], Jaipur": "/college/15338-stani-memorial-college-of-engineering-and-technology-smcet-jaipur",
    "Kongu Engineering College - [KEC], Erode": "/college/14023-kongu-engineering-college-kec-erode",
    "Sri Sairam Engineering College, Chennai": "/college/15258-sri-sairam-engineering-college-chennai",
    "KPR Institute of Engineering & Technology - [KPRIET], Coimbatore": "/college/13939-kpr-institute-of-engineering-and-technology-kpriet-coimbatore",
    "DMI College of Engineering - [DMICE], Chennai": "/college/13295-dmi-college-of-engineering-dmice-chennai",
    "Bannari Amman Institute of Technology - [BIT], Sathyamangalam": "/college/12991-bannari-amman-institute-of-technology-bit-sathyamangalam",
    "SGT Institute of Engineering and Technology - [SGTIET], Gurgaon": "/college/14824-sgt-institute-of-engineering-and-technology-sgtiet-gurgaon",
    "KSR Institute for Engineering and Technology - [KSRIET], Namakkal": "/college/57777-ksr-institute-for-engineering-and-technology-ksriet-namakkal",
    "Rabindranath Tagore University - [RNTU], Bhopal": "/university/25656-rabindranath-tagore-university-rntu-bhopal",
    "Vedavyasa Institute of Technology, Malappuram": "/college/24585-vedavyasa-institute-of-technology-malappuram",
    "CT Institute of Technology & Research - [CTITR], Jalandhar": "/college/58384-ct-institute-of-technology-and-research-ctitr-jalandhar",
    "Kerala University - [KU], Thiruvananthapuram": "/university/25646-kerala-university-ku-thiruvananthapuram",
    "Vel Tech High Tech Dr.Rangarajan Dr.Sakunthala Engineering College, Chennai": "/college/25912-vel-tech-high-tech-drrangarajan-drsakunthala-engineering-college-chennai",
    "Calicut University - [CU], Calicut": "/university/25654-calicut-university-cu-calicut",
    "Maharishi Markandeshwar Engineering College - [MMEC], Ambala": "/college/57143-maharishi-markandeshwar-engineering-college-mmec-ambala",
    "Mailam Engineering College, Villupuram": "/college/14231-mailam-engineering-college-villupuram",
    "Mansarovar Global University - [MGU], Bhopal": "/university/59452-mansarovar-global-university-mgu-bhopal",
    "Agni College of Technology, Chennai": "/college/12741-agni-college-of-technology-chennai",
    "RMD Engineering College, Thiruvallur": "/college/14657-rmd-engineering-college-thiruvallur",
    "Sona College of Technology, Salem": "/college/15174-sona-college-of-technology-salem",
    "Nehru Institute of Engineering and Technology - [NIET], Coimbatore": "/college/14474-nehru-institute-of-engineering-and-technology-niet-coimbatore",
    "IFHE, Faculty of Science & Technology - [FST], Hyderabad": "/college/57036-ifhe-faculty-of-science-and-technology-fst-hyderabad",
    "KS Rangasamy College of Technology, Namakkal": "/college/13945-ks-rangasamy-college-of-technology-namakkal",
    "SNS College of Engineering - [SNSCE], Coimbatore": "/college/14841-sns-college-of-engineering-snsce-coimbatore",
    "Vedica Institute of Technology, Bhopal": "/college/24586-vedica-institute-of-technology-bhopal",
    "Kalaignar karunanidhi Institute of Technology - [KIT], Coimbatore": "/college/24141-kalaignar-karunanidhi-institute-of-technology-kit-coimbatore",
    "Velalar College of Engineering and Technology -[VCET], Erode": "/college/24589-velalar-college-of-engineering-and-technology-vcet-erode",
    "IFET College of Engineering - [IFET], Villupuram": "/college/13769-ifet-college-of-engineering-ifet-villupuram",
    "Dr. NGP Institute of Technology, Coimbatore": "/college/55499-dr-ngp-institute-of-technology-coimbatore",
    "KCG College of Technology, Chennai": "/college/28290-kcg-college-of-technology-chennai",
    "Saveetha Engineering College - [SEC], Chennai": "/college/14967-saveetha-engineering-college-sec-chennai",
    "Faculty of Engineering and Technology- Annamalai University, Annamalai": "/college/62978-faculty-of-engineering-and-technology-annamalai-university-annamalai",
    "Vivekanandha College of Engineering for Women - [VCEW], Namakkal": "/college/15540-vivekanandha-college-of-engineering-for-women-vcew-namakkal",
    "SNS College of Technology - [SNSCT], Coimbatore": "/college/15171-sns-college-of-technology-snsct-coimbatore",
    "Hindusthan College of Engineering and Technology - [HICET], Coimbatore": "/college/13727-hindusthan-college-of-engineering-and-technology-hicet-coimbatore",
    "Rathinam Technical Campus - [RTC], Coimbatore": "/college/57320-rathinam-technical-campus-rtc-coimbatore",
    "JP College of Engineering, Tirunelveli": "/college/28510-jp-college-of-engineering-tirunelveli",
    "Loyola Institute of Technology - [LIT], Chennai": "/college/14111-loyola-institute-of-technology-lit-chennai",
    "Excel Engineering College, Namakkal": "/college/57775-excel-engineering-college-namakkal",
    "KSR College of Engineering, Namakkal": "/college/13947-ksr-college-of-engineering-namakkal",
    "Yenepoya University, Mangalore": "/university/25634-yenepoya-university-mangalore",
    "Mahatma Jyotiba Phule Rohilkhand University - [MJPRU], Bareilly": "/university/25955-mahatma-jyotiba-phule-rohilkhand-university-mjpru-bareilly",
    "Muthayammal Engineering College - [MEC], Namakkal": "/college/28824-muthayammal-engineering-college-mec-namakkal",
    "Chaudhary Charan Singh University - [CCS], Meerut": "/university/25930-chaudhary-charan-singh-university-ccs-meerut",
    "Sri Siddhartha Academy of Higher Education - [SSAHE], Tumkur": "/university/60378-sri-siddhartha-academy-of-higher-education-ssahe-tumkur",
    "K. Ramakrishnan College of Engineering -[KRCE], Tiruchirappalli": "/college/55451-k-ramakrishnan-college-of-engineering-krce-tiruchirappalli",
    "NMAM Institute of Technology - [NMAMIT], Udupi": "/college/56066-nmam-institute-of-technology-nmamit-udupi",
    "University of Allahabad - [AU], Allahabad": "/university/25919-university-of-allahabad-au-allahabad",
    "Sri Siddhartha University, Tumkur": "/university/25625-sri-siddhartha-university-tumkur",
    "M. Kumarasamy College of Engineering - [MKCE], Karur": "/college/14144-m-kumarasamy-college-of-engineering-mkce-karur",
    "Shobhit University, Gangoh": "/university/56988-shobhit-university-gangoh",
    "Central University of Karnataka - [CUK], Gulbarga": "/university/25597-central-university-of-karnataka-cuk-gulbarga",
    "Paavai Engineering College (Autonomous), Namakkal": "/college/24320-paavai-engineering-college-autonomous-namakkal",
    "DMI Engineering College, Kanyakumari": "/college/13296-dmi-engineering-college-kanyakumari",
    "Hindusthan Institute of Technology - [HITECH], Coimbatore": "/college/13728-hindusthan-institute-of-technology-hitech-coimbatore",
    "Acharya Nagarjuna University - [ANU], Guntur": "/university/25344-acharya-nagarjuna-university-anu-guntur",
    "Jeppiaar Institute of Technology - [JIT], Sriperumbudur": "/college/57752-jeppiaar-institute-of-technology-jit-sriperumbudur",
    "Sri Venkateswara Engineering College - [SVEC], Tirupati": "/college/60851-sri-venkateswara-engineering-college-svec-tirupati",
    "Sethu Institute of Technology, Madurai": "/college/14998-sethu-institute-of-technology-madurai",
    "Sri Sairam Institute of Technology - [SSIT], Chennai": "/college/15257-sri-sairam-institute-of-technology-ssit-chennai",
    "Easwari Engineering College - [EEC], Chennai": "/college/13432-easwari-engineering-college-eec-chennai",
    "Sengunthar Engineering College, Namakkal": "/college/14993-sengunthar-engineering-college-namakkal",
    "Ramrao Adik Institute of Technology - [RAIT], Navi Mumbai": "/college/14751-ramrao-adik-institute-of-technology-rait-navi-mumbai",
    "Vels Institute of Science, Technology & Advanced Studies, Chennai": "/university/25911-vels-institute-of-science-technology-and-advanced-studies-chennai",
    "B.S. Abdur Rahman Crescent Institute of Science & Technology - [BSAU], Chennai": "/university/25870-bs-abdur-rahman-crescent-institute-of-science-and-technology-bsau-chennai",
    "Dr. M.G.R. Educational and Research Institute, Chennai": "/university/25877-dr-mgr-educational-and-research-institute-chennai",
    "Hindustan Institute of Technology and Science - [HITS], Chennai": "/university/25879-hindustan-institute-of-technology-and-science-hits-chennai",
    "Annamalai University - [AU], Chidambaram": "/university/25868-annamalai-university-au-chidambaram",
    "Subharti Institute of Technology and Engineering - [SITE], Meerut": "/college/15124-subharti-institute-of-technology-and-engineering-site-meerut",
    "Saveetha School of Engineering - [SSE], Chennai": "/college/56310-saveetha-school-of-engineering-sse-chennai",
    "Vinayaka Missions University - [VMU], Salem": "/university/25913-vinayaka-missions-university-vmu-salem",
    "Jagran Lakecity University, School of Engineering and Technology, Bhopal": "/college/58674-jagran-lakecity-university-school-of-engineering-and-technology-bhopal",
    "Vinayaka Mission's Research Foundation - VMRF, Salem": "/university/62365-vinayaka-missions-research-foundation-vmrf-salem",
    "Aalim Muhammed Salegh College of Engineering - [AALIMEC], Chennai": "/college/12695-aalim-muhammed-salegh-college-of-engineering-aalimec-chennai",
    "LNCT University - [LNCTU], Bhopal": "/university/56938-lnct-university-lnctu-bhopal",
    "Sri Satya Sai University of Technology & Medical Sciences - [SSSUTMS], Bhopal": "/university/57457-sri-satya-sai-university-of-technology-and-medical-sciences-sssutms-bhopal",
    "Amrapali Institute of Technology & Science - [AITS], Nainital": "/college/12806-amrapali-institute-of-technology-and-science-aits-nainital",
    "Amity University, Gwalior": "/university/25658-amity-university-gwalior",
    "Anand Agricultural University - [AAU], Anand": "/university/25477-anand-agricultural-university-aau-anand",
    "Amity University, Kolkata": "/university/56556-amity-university-kolkata",
    "Periyar Maniammai Institute of Science and Technology - [PMIST], Thanjavur": "/university/25891-periyar-maniammai-institute-of-science-and-technology-pmist-thanjavur",
    "Nagaland University, Zunhebotto": "/university/25751-nagaland-university-zunhebotto",
    "Amity University, Patna": "/university/15588-amity-university-patna",
    "Amity University, Gurgaon": "/university/25516-amity-university-gurgaon",
    "Junagadh Agricultural University, Junagadh": "/university/25497-junagadh-agricultural-university-junagadh",
    "Ajeenkya DY Patil University - [ADYPU], Pune": "/university/56991-ajeenkya-dy-patil-university-adypu-pune",
    "DAV University, Jalandhar": "/university/25779-dav-university-jalandhar",
    "Makhanlal Chaturvedi National University of Journalism and Communication - [MCNUJC], Bhopal": "/university/25678-makhanlal-chaturvedi-national-university-of-journalism-and-communication-mcnujc-bhopal",
    "ICFAI University, Ranchi": "/university/25580-icfai-university-ranchi",
    "Dr. Rajendra Prasad Central Agricultural University, Samastipur": "/university/25420-dr-rajendra-prasad-central-agricultural-university-samastipur",
    "Baba Ghulam Shah Badshah University - [BGSBU], Rajauri": "/university/25567-baba-ghulam-shah-badshah-university-bgsbu-rajauri",
    "Teerthanker Mahaveer University, College of Engineering - [TMU COE], Moradabad": "/college/15445-teerthanker-mahaveer-university-college-of-engineering-tmu-coe-moradabad",
    "Sengunthar College of Engineering - [SCE], Namakkal": "/college/14992-sengunthar-college-of-engineering-sce-namakkal",
    "Rustomjee Academy for Global Careers - [RAGC], Mumbai": "/college/60313-rustomjee-academy-for-global-careers-ragc-mumbai",
    "Jawaharlal Nehru Engineering College - [JNEC], Aurangabad": "/college/5605-jawaharlal-nehru-engineering-college-jnec-aurangabad",
    "Avantika University, Ujjain": "/university/57749-avantika-university-ujjain",
    "Sikkim Professional University, West Sikkim": "/university/62653-sikkim-professional-university-west-sikkim",
    "Mangalayatan University, Jabalpur": "/university/60260-mangalayatan-university-jabalpur",
    "Alva\u2019s College, Kannada": "/college/62665-alvas-college-kannada",
    "SRM Institute of Science and Technology - [SRMIST], Chennai": "/university/25896-srm-institute-of-science-and-technology-srmist-chennai",
    "Chandigarh University - [CU], Mohali": "/university/25777-chandigarh-university-cu-mohali",
    "Guru Gobind Singh Indraprastha University - [GGSIPU], New Delhi": "/university/25450-guru-gobind-singh-indraprastha-university-ggsipu-new-delhi",
    "Manipal University - [MUJ], Jaipur": "/university/25829-manipal-university-muj-jaipur",
    "IPS Academy, Indore": "/college/1995-ips-academy-indore",
    "T John College - [TJC], Bangalore": "/college/58903-t-john-college-tjc-bangalore",
    "Ganpat University - [GUNI], Mehsana": "/university/25486-ganpat-university-guni-mehsana",
    "Jain University, Bangalore": "/university/25606-jain-university-bangalore",
    "Aligarh Muslim University - [AMU], Aligarh": "/university/25918-aligarh-muslim-university-amu-aligarh",
    "Parul University, Vadodara": "/university/55884-parul-university-vadodara",
    "St Aloysius (Deemed To Be University), Mangalore": "/university/58399-st-aloysius-deemed-to-be-university-mangalore",
    "ICFAI Foundation for Higher Education - [IFHE], Hyderabad": "/university/25355-icfai-foundation-for-higher-education-ifhe-hyderabad",
    "Bharati Vidyapeeth Deemed University Pune, Pune": "/university/25688-bharati-vidyapeeth-deemed-university-pune-pune",
    "Vivekananda Global University - [VGU], Jaipur": "/university/54832-vivekananda-global-university-vgu-jaipur",
    "RKDF University, Bhopal": "/university/25684-rkdf-university-bhopal",
    "Manav Rachna University - [MRU], Faridabad": "/university/14252-manav-rachna-university-mru-faridabad",
    "Manav Rachna International Institute of Research and Studies - [MRIIRS], Faridabad": "/university/25536-manav-rachna-international-institute-of-research-and-studies-mriirs-faridabad",
    "Chitkara University - [CU], Patiala": "/university/25778-chitkara-university-cu-patiala",
    "Chandigarh Group of Colleges - [CGC] Landran, Mohali": "/college/28064-chandigarh-group-of-colleges-cgc-landran-mohali",
    "MIT World Peace University - [MIT-WPU], Pune": "/university/18416-mit-world-peace-university-mitwpu-pune",
    "Mangalayatan University - [MU], Aligarh": "/university/25958-mangalayatan-university-mu-aligarh",
    "Jaipur National University - [JNU], Jaipur": "/university/25819-jaipur-national-university-jnu-jaipur",
    "Sikkim Manipal University - [SMU], East Sikkim": "/university/25857-sikkim-manipal-university-smu-east-sikkim",
    "Symbiosis International University - [SIU], Pune": "/university/25727-symbiosis-international-university-siu-pune",
    "Jagran Lakecity University - [JLU], Bhopal": "/university/54856-jagran-lakecity-university-jlu-bhopal",
    "Chhatrapati Shivaji Maharaj University - [CSMU], Navi Mumbai": "/university/59803-chhatrapati-shivaji-maharaj-university-csmu-navi-mumbai",
    "Mody University, Sikar": "/university/28802-mody-university-sikar",
    "Quantum University, Roorkee": "/university/59283-quantum-university-roorkee",
    "Amity University, Noida": "/university/54797-amity-university-noida",
    "Nirma University, Ahmedabad": "/university/25503-nirma-university-ahmedabad",
    "GLA University, Mathura": "/university/25939-gla-university-mathura",
    "CMR University (City Campus - HRBR Layout), Bangalore": "/university/56100-cmr-university-city-campus-hrbr-layout-bangalore",
    "Cochin University of Science and Technology - [CUSAT], Kochi": "/university/25638-cochin-university-of-science-and-technology-cusat-kochi",
    "Guru Ghasidas Vishwavidyalaya - [GGU], Bilaspur": "/university/25430-guru-ghasidas-vishwavidyalaya-ggu-bilaspur",
    "Bundelkhand University, Jhansi": "/university/25927-bundelkhand-university-jhansi",
    "Avinashilingam Institute For Home Science and Higher Education For Women, Coimbatore": "/university/25869-avinashilingam-institute-for-home-science-and-higher-education-for-women-coimbatore",
    "Teerthanker Mahaveer University - [TMU], Moradabad": "/university/25977-teerthanker-mahaveer-university-tmu-moradabad",
    "Manipal Academy of Higher Education - [MAHE], Manipal": "/university/25617-manipal-academy-of-higher-education-mahe-manipal",
    "Delhi University - [DU], New Delhi": "/university/25473-delhi-university-du-new-delhi",
    "Sangam University - [SU], Bhilwara": "/university/25844-sangam-university-su-bhilwara",
    "Sharda University, Greater Noida": "/university/25972-sharda-university-greater-noida",
    "Shoolini University, Solan": "/university/25565-shoolini-university-solan",
    "Bhagwant University, Ajmer": "/university/25799-bhagwant-university-ajmer",
    "Uttaranchal University, Dehradun": "/university/26001-uttaranchal-university-dehradun",
    "Central University of Himachal Pradesh - [CUHP], Kangra": "/university/58110-central-university-of-himachal-pradesh-cuhp-kangra",
    "JECRC University - [JU], Jaipur": "/university/25820-jecrc-university-ju-jaipur",
    "Presidency University, Bangalore": "/university/56371-presidency-university-bangalore",
    "Shri Ramswaroop Memorial University - [SRMU], Lucknow": "/university/54934-shri-ramswaroop-memorial-university-srmu-lucknow",
    "ITM University, Gwalior": "/university/25668-itm-university-gwalior",
    "Swami Vivekanand Subharti University - [SVSU], Meerut": "/university/25976-swami-vivekanand-subharti-university-svsu-meerut",
    "Harcourt Butler Technological University - [HBTU], Kanpur": "/university/13697-harcourt-butler-technological-university-hbtu-kanpur",
    "Bennett University, Greater Noida": "/university/55776-bennett-university-greater-noida",
    "Tamil Nadu Agricultural University - [TNAU], Coimbatore": "/university/25901-tamil-nadu-agricultural-university-tnau-coimbatore",
    "Rayat Bahra University, Mohali": "/university/54837-rayat-bahra-university-mohali",
    "Royal Global University - [RGU], Guwahati": "/university/55918-royal-global-university-rgu-guwahati",
    "World University of Design - [WUD], Sonepat": "/university/58100-world-university-of-design-wud-sonepat",
    "Mizoram University - [MZU], Aizawl": "/university/25749-mizoram-university-mzu-aizawl",
    "OP Jindal University - [OPJU], Raigarh": "/university/58956-op-jindal-university-opju-raigarh",
    "Acharya Institute of Technology - [AIT], Bangalore": "/college/12715-acharya-institute-of-technology-ait-bangalore",
    "International Institute of Information Technology-iiitb-bangalore": "/university/25604-international-institute-of-information-technology-iiitb-bangalore"
}